empresa,data_venda,modalidade,valor_bruto,taxa_hipotetica,parcelas,prazo_primeira_liquidacao_dias
bar,2026-06-17,pix,1038.23,0.0,1,0
bar,2026-06-17,debito,1102.09,0.012,1,1
bar,2026-06-17,credito_vista,935.49,0.025,1,30
bar,2026-06-17,credito_4x,349.52,0.035,4,30
bar,2026-06-18,pix,1478.25,0.0,1,0
bar,2026-06-18,debito,863.24,0.012,1,1
bar,2026-06-18,credito_vista,823.3,0.025,1,30
bar,2026-06-18,credito_4x,307.98,0.035,4,30
bar,2026-06-19,pix,1598.21,0.0,1,0
bar,2026-06-19,debito,2007.33,0.012,1,1
bar,2026-06-19,credito_vista,1629.28,0.025,1,30
bar,2026-06-19,credito_4x,515.51,0.035,4,30
bar,2026-06-20,pix,2458.37,0.0,1,0
bar,2026-06-20,debito,2296.15,0.012,1,1
bar,2026-06-20,credito_vista,1695.28,0.025,1,30
bar,2026-06-20,credito_4x,806.79,0.035,4,30
bar,2026-06-21,pix,966.92,0.0,1,0
bar,2026-06-21,debito,603.34,0.012,1,1
bar,2026-06-21,credito_vista,465.64,0.025,1,30
bar,2026-06-21,credito_4x,236.38,0.035,4,30
bar,2026-06-22,pix,989.19,0.0,1,0
bar,2026-06-22,debito,1094.31,0.012,1,1
bar,2026-06-22,credito_vista,817.39,0.025,1,30
bar,2026-06-22,credito_4x,349.27,0.035,4,30
bar,2026-06-23,pix,1304.91,0.0,1,0
bar,2026-06-23,debito,701.64,0.012,1,1
bar,2026-06-23,credito_vista,630.99,0.025,1,30
bar,2026-06-23,credito_4x,280.76,0.035,4,30
bar,2026-06-24,pix,1566.61,0.0,1,0
bar,2026-06-24,debito,1233.76,0.012,1,1
bar,2026-06-24,credito_vista,986.2,0.025,1,30
bar,2026-06-24,credito_4x,426.42,0.035,4,30
bar,2026-06-25,pix,803.47,0.0,1,0
bar,2026-06-25,debito,645.52,0.012,1,1
bar,2026-06-25,credito_vista,566.73,0.025,1,30
bar,2026-06-25,credito_4x,298.61,0.035,4,30
bar,2026-06-26,pix,1504.72,0.0,1,0
bar,2026-06-26,debito,1263.81,0.012,1,1
bar,2026-06-26,credito_vista,1441.9,0.025,1,30
bar,2026-06-26,credito_4x,645.75,0.035,4,30
bar,2026-06-27,pix,1145.81,0.0,1,0
bar,2026-06-27,debito,1241.18,0.012,1,1
bar,2026-06-27,credito_vista,1528.8,0.025,1,30
bar,2026-06-27,credito_4x,617.55,0.035,4,30
bar,2026-06-28,pix,744.82,0.0,1,0
bar,2026-06-28,debito,586.38,0.012,1,1
bar,2026-06-28,credito_vista,638.1,0.025,1,30
bar,2026-06-28,credito_4x,353.98,0.035,4,30
bar,2026-06-29,pix,800.09,0.0,1,0
bar,2026-06-29,debito,855.53,0.012,1,1
bar,2026-06-29,credito_vista,727.88,0.025,1,30
bar,2026-06-29,credito_4x,363.86,0.035,4,30
bar,2026-06-30,pix,732.43,0.0,1,0
bar,2026-06-30,debito,848.24,0.012,1,1
bar,2026-06-30,credito_vista,824.44,0.025,1,30
bar,2026-06-30,credito_4x,353.6,0.035,4,30
bar,2026-07-01,pix,1449.35,0.0,1,0
bar,2026-07-01,debito,917.36,0.012,1,1
bar,2026-07-01,credito_vista,931.59,0.025,1,30
bar,2026-07-01,credito_4x,475.04,0.035,4,30
bar,2026-07-02,pix,1336.0,0.0,1,0
bar,2026-07-02,debito,1012.02,0.012,1,1
bar,2026-07-02,credito_vista,952.03,0.025,1,30
bar,2026-07-02,credito_4x,589.57,0.035,4,30
bar,2026-07-03,pix,1982.26,0.0,1,0
bar,2026-07-03,debito,1903.4,0.012,1,1
bar,2026-07-03,credito_vista,1501.49,0.025,1,30
bar,2026-07-03,credito_4x,873.23,0.035,4,30
bar,2026-07-04,pix,1935.46,0.0,1,0
bar,2026-07-04,debito,1712.06,0.012,1,1
bar,2026-07-04,credito_vista,1328.81,0.025,1,30
bar,2026-07-04,credito_4x,706.52,0.035,4,30
bar,2026-07-05,pix,1079.03,0.0,1,0
bar,2026-07-05,debito,910.37,0.012,1,1
bar,2026-07-05,credito_vista,852.57,0.025,1,30
bar,2026-07-05,credito_4x,394.31,0.035,4,30
bar,2026-07-06,pix,1161.91,0.0,1,0
bar,2026-07-06,debito,796.01,0.012,1,1
bar,2026-07-06,credito_vista,802.82,0.025,1,30
bar,2026-07-06,credito_4x,452.45,0.035,4,30
bar,2026-07-07,pix,1309.93,0.0,1,0
bar,2026-07-07,debito,784.48,0.012,1,1
bar,2026-07-07,credito_vista,752.05,0.025,1,30
bar,2026-07-07,credito_4x,462.01,0.035,4,30
bar,2026-07-08,pix,1343.07,0.0,1,0
bar,2026-07-08,debito,941.16,0.012,1,1
bar,2026-07-08,credito_vista,1005.85,0.025,1,30
bar,2026-07-08,credito_4x,546.29,0.035,4,30
bar,2026-07-09,pix,1401.01,0.0,1,0
bar,2026-07-09,debito,1211.53,0.012,1,1
bar,2026-07-09,credito_vista,1076.17,0.025,1,30
bar,2026-07-09,credito_4x,439.82,0.035,4,30
bar,2026-07-10,pix,2926.17,0.0,1,0
bar,2026-07-10,debito,1846.14,0.012,1,1
bar,2026-07-10,credito_vista,1927.06,0.025,1,30
bar,2026-07-10,credito_4x,1166.43,0.035,4,30
bar,2026-07-11,pix,1848.71,0.0,1,0
bar,2026-07-11,debito,1823.19,0.012,1,1
bar,2026-07-11,credito_vista,1593.01,0.025,1,30
bar,2026-07-11,credito_4x,694.38,0.035,4,30
bar,2026-07-12,pix,963.25,0.0,1,0
bar,2026-07-12,debito,823.51,0.012,1,1
bar,2026-07-12,credito_vista,566.49,0.025,1,30
bar,2026-07-12,credito_4x,163.87,0.035,4,30
bar,2026-07-13,pix,814.91,0.0,1,0
bar,2026-07-13,debito,522.05,0.012,1,1
bar,2026-07-13,credito_vista,712.97,0.025,1,30
bar,2026-07-13,credito_4x,287.79,0.035,4,30
bar,2026-07-14,pix,787.3,0.0,1,0
bar,2026-07-14,debito,702.57,0.012,1,1
bar,2026-07-14,credito_vista,615.97,0.025,1,30
bar,2026-07-14,credito_4x,278.06,0.035,4,30
bar,2026-07-15,pix,737.09,0.0,1,0
bar,2026-07-15,debito,920.55,0.012,1,1
bar,2026-07-15,credito_vista,613.8,0.025,1,30
bar,2026-07-15,credito_4x,325.56,0.035,4,30
bar,2026-07-16,pix,1048.66,0.0,1,0
bar,2026-07-16,debito,948.73,0.012,1,1
bar,2026-07-16,credito_vista,763.58,0.025,1,30
bar,2026-07-16,credito_4x,328.43,0.035,4,30
bar,2026-07-17,pix,2002.99,0.0,1,0
bar,2026-07-17,debito,1408.5,0.012,1,1
bar,2026-07-17,credito_vista,1313.87,0.025,1,30
bar,2026-07-17,credito_4x,651.55,0.035,4,30
bar,2026-07-18,pix,1747.29,0.0,1,0
bar,2026-07-18,debito,1724.49,0.012,1,1
bar,2026-07-18,credito_vista,1641.93,0.025,1,30
bar,2026-07-18,credito_4x,1176.54,0.035,4,30
bar,2026-07-19,pix,965.95,0.0,1,0
bar,2026-07-19,debito,723.25,0.012,1,1
bar,2026-07-19,credito_vista,714.25,0.025,1,30
bar,2026-07-19,credito_4x,234.22,0.035,4,30
bar,2026-07-20,pix,826.83,0.0,1,0
bar,2026-07-20,debito,739.55,0.012,1,1
bar,2026-07-20,credito_vista,540.6,0.025,1,30
bar,2026-07-20,credito_4x,207.42,0.035,4,30
bar,2026-07-21,pix,1109.05,0.0,1,0
bar,2026-07-21,debito,726.32,0.012,1,1
bar,2026-07-21,credito_vista,876.08,0.025,1,30
bar,2026-07-21,credito_4x,464.64,0.035,4,30
bar,2026-07-22,pix,1095.03,0.0,1,0
bar,2026-07-22,debito,898.37,0.012,1,1
bar,2026-07-22,credito_vista,1090.55,0.025,1,30
bar,2026-07-22,credito_4x,435.18,0.035,4,30
bar,2026-07-23,pix,1282.17,0.0,1,0
bar,2026-07-23,debito,912.36,0.012,1,1
bar,2026-07-23,credito_vista,854.46,0.025,1,30
bar,2026-07-23,credito_4x,402.83,0.035,4,30
bar,2026-07-24,pix,1860.97,0.0,1,0
bar,2026-07-24,debito,1398.88,0.012,1,1
bar,2026-07-24,credito_vista,1051.05,0.025,1,30
bar,2026-07-24,credito_4x,552.86,0.035,4,30
bar,2026-07-25,pix,1907.51,0.0,1,0
bar,2026-07-25,debito,1523.02,0.012,1,1
bar,2026-07-25,credito_vista,1623.97,0.025,1,30
bar,2026-07-25,credito_4x,734.23,0.035,4,30
bar,2026-07-26,pix,762.22,0.0,1,0
bar,2026-07-26,debito,707.64,0.012,1,1
bar,2026-07-26,credito_vista,606.39,0.025,1,30
bar,2026-07-26,credito_4x,327.14,0.035,4,30
bar,2026-07-27,pix,633.04,0.0,1,0
bar,2026-07-27,debito,546.49,0.012,1,1
bar,2026-07-27,credito_vista,484.96,0.025,1,30
bar,2026-07-27,credito_4x,163.25,0.035,4,30
bar,2026-07-28,pix,896.37,0.0,1,0
bar,2026-07-28,debito,609.04,0.012,1,1
bar,2026-07-28,credito_vista,706.79,0.025,1,30
bar,2026-07-28,credito_4x,261.3,0.035,4,30
bar,2026-07-29,pix,1107.73,0.0,1,0
bar,2026-07-29,debito,767.42,0.012,1,1
bar,2026-07-29,credito_vista,712.2,0.025,1,30
bar,2026-07-29,credito_4x,352.98,0.035,4,30
bar,2026-07-30,pix,1127.53,0.0,1,0
bar,2026-07-30,debito,671.99,0.012,1,1
bar,2026-07-30,credito_vista,533.87,0.025,1,30
bar,2026-07-30,credito_4x,398.92,0.035,4,30
bar,2026-07-31,pix,1588.68,0.0,1,0
bar,2026-07-31,debito,1125.65,0.012,1,1
bar,2026-07-31,credito_vista,1468.57,0.025,1,30
bar,2026-07-31,credito_4x,770.07,0.035,4,30
bar,2026-08-01,pix,1508.91,0.0,1,0
bar,2026-08-01,debito,1416.33,0.012,1,1
bar,2026-08-01,credito_vista,1430.91,0.025,1,30
bar,2026-08-01,credito_4x,716.05,0.035,4,30
bar,2026-08-02,pix,1209.63,0.0,1,0
bar,2026-08-02,debito,966.96,0.012,1,1
bar,2026-08-02,credito_vista,770.31,0.025,1,30
bar,2026-08-02,credito_4x,456.98,0.035,4,30
bar,2026-08-03,pix,1329.29,0.0,1,0
bar,2026-08-03,debito,1156.33,0.012,1,1
bar,2026-08-03,credito_vista,796.41,0.025,1,30
bar,2026-08-03,credito_4x,413.39,0.035,4,30
bar,2026-08-04,pix,1136.32,0.0,1,0
bar,2026-08-04,debito,839.26,0.012,1,1
bar,2026-08-04,credito_vista,890.9,0.025,1,30
bar,2026-08-04,credito_4x,338.98,0.035,4,30
bar,2026-08-05,pix,1210.58,0.0,1,0
bar,2026-08-05,debito,1306.56,0.012,1,1
bar,2026-08-05,credito_vista,1030.09,0.025,1,30
bar,2026-08-05,credito_4x,430.42,0.035,4,30
bar,2026-08-06,pix,1038.2,0.0,1,0
bar,2026-08-06,debito,801.06,0.012,1,1
bar,2026-08-06,credito_vista,509.42,0.025,1,30
bar,2026-08-06,credito_4x,340.42,0.035,4,30
bar,2026-08-07,pix,1977.32,0.0,1,0
bar,2026-08-07,debito,1492.51,0.012,1,1
bar,2026-08-07,credito_vista,1375.93,0.025,1,30
bar,2026-08-07,credito_4x,462.06,0.035,4,30
bar,2026-08-08,pix,2692.81,0.0,1,0
bar,2026-08-08,debito,1677.83,0.012,1,1
bar,2026-08-08,credito_vista,1687.9,0.025,1,30
bar,2026-08-08,credito_4x,708.47,0.035,4,30
bar,2026-08-09,pix,806.65,0.0,1,0
bar,2026-08-09,debito,810.04,0.012,1,1
bar,2026-08-09,credito_vista,686.42,0.025,1,30
bar,2026-08-09,credito_4x,293.33,0.035,4,30
bar,2026-08-10,pix,1103.42,0.0,1,0
bar,2026-08-10,debito,860.29,0.012,1,1
bar,2026-08-10,credito_vista,1023.2,0.025,1,30
bar,2026-08-10,credito_4x,435.35,0.035,4,30
bar,2026-08-11,pix,1413.46,0.0,1,0
bar,2026-08-11,debito,885.79,0.012,1,1
bar,2026-08-11,credito_vista,1093.95,0.025,1,30
bar,2026-08-11,credito_4x,515.8,0.035,4,30
bar,2026-08-12,pix,880.19,0.0,1,0
bar,2026-08-12,debito,662.15,0.012,1,1
bar,2026-08-12,credito_vista,845.22,0.025,1,30
bar,2026-08-12,credito_4x,417.04,0.035,4,30
bar,2026-08-13,pix,1110.07,0.0,1,0
bar,2026-08-13,debito,900.4,0.012,1,1
bar,2026-08-13,credito_vista,932.75,0.025,1,30
bar,2026-08-13,credito_4x,381.89,0.035,4,30
bar,2026-08-14,pix,1884.23,0.0,1,0
bar,2026-08-14,debito,1640.26,0.012,1,1
bar,2026-08-14,credito_vista,1826.87,0.025,1,30
bar,2026-08-14,credito_4x,652.38,0.035,4,30
bar,2026-08-15,pix,2817.0,0.0,1,0
bar,2026-08-15,debito,2208.37,0.012,1,1
bar,2026-08-15,credito_vista,2014.4,0.025,1,30
bar,2026-08-15,credito_4x,898.26,0.035,4,30
bar,2026-08-16,pix,712.58,0.0,1,0
bar,2026-08-16,debito,700.26,0.012,1,1
bar,2026-08-16,credito_vista,534.53,0.025,1,30
bar,2026-08-16,credito_4x,334.71,0.035,4,30
bar,2026-08-17,pix,1073.0,0.0,1,0
bar,2026-08-17,debito,748.8,0.012,1,1
bar,2026-08-17,credito_vista,822.49,0.025,1,30
bar,2026-08-17,credito_4x,252.01,0.035,4,30
bar,2026-08-18,pix,1367.46,0.0,1,0
bar,2026-08-18,debito,1054.75,0.012,1,1
bar,2026-08-18,credito_vista,1092.86,0.025,1,30
bar,2026-08-18,credito_4x,290.32,0.035,4,30
bar,2026-08-19,pix,886.86,0.0,1,0
bar,2026-08-19,debito,611.27,0.012,1,1
bar,2026-08-19,credito_vista,623.59,0.025,1,30
bar,2026-08-19,credito_4x,424.21,0.035,4,30
bar,2026-08-20,pix,1028.2,0.0,1,0
bar,2026-08-20,debito,835.62,0.012,1,1
bar,2026-08-20,credito_vista,768.0,0.025,1,30
bar,2026-08-20,credito_4x,421.41,0.035,4,30
bar,2026-08-21,pix,1917.26,0.0,1,0
bar,2026-08-21,debito,1493.29,0.012,1,1
bar,2026-08-21,credito_vista,1363.58,0.025,1,30
bar,2026-08-21,credito_4x,623.57,0.035,4,30
bar,2026-08-22,pix,2060.57,0.0,1,0
bar,2026-08-22,debito,1447.7,0.012,1,1
bar,2026-08-22,credito_vista,1706.25,0.025,1,30
bar,2026-08-22,credito_4x,644.31,0.035,4,30
bar,2026-08-23,pix,1121.74,0.0,1,0
bar,2026-08-23,debito,795.21,0.012,1,1
bar,2026-08-23,credito_vista,856.64,0.025,1,30
bar,2026-08-23,credito_4x,343.18,0.035,4,30
bar,2026-08-24,pix,921.84,0.0,1,0
bar,2026-08-24,debito,785.81,0.012,1,1
bar,2026-08-24,credito_vista,683.11,0.025,1,30
bar,2026-08-24,credito_4x,485.87,0.035,4,30
bar,2026-08-25,pix,720.58,0.0,1,0
bar,2026-08-25,debito,603.13,0.012,1,1
bar,2026-08-25,credito_vista,461.96,0.025,1,30
bar,2026-08-25,credito_4x,177.01,0.035,4,30
bar,2026-08-26,pix,1181.49,0.0,1,0
bar,2026-08-26,debito,833.39,0.012,1,1
bar,2026-08-26,credito_vista,928.17,0.025,1,30
bar,2026-08-26,credito_4x,320.37,0.035,4,30
bar,2026-08-27,pix,1054.04,0.0,1,0
bar,2026-08-27,debito,964.66,0.012,1,1
bar,2026-08-27,credito_vista,739.25,0.025,1,30
bar,2026-08-27,credito_4x,332.1,0.035,4,30
bar,2026-08-28,pix,1852.49,0.0,1,0
bar,2026-08-28,debito,1673.58,0.012,1,1
bar,2026-08-28,credito_vista,1768.85,0.025,1,30
bar,2026-08-28,credito_4x,851.58,0.035,4,30
bar,2026-08-29,pix,2048.41,0.0,1,0
bar,2026-08-29,debito,1217.58,0.012,1,1
bar,2026-08-29,credito_vista,1391.28,0.025,1,30
bar,2026-08-29,credito_4x,497.03,0.035,4,30
bar,2026-08-30,pix,843.48,0.0,1,0
bar,2026-08-30,debito,537.32,0.012,1,1
bar,2026-08-30,credito_vista,533.4,0.025,1,30
bar,2026-08-30,credito_4x,335.91,0.035,4,30
bar,2026-08-31,pix,814.61,0.0,1,0
bar,2026-08-31,debito,859.63,0.012,1,1
bar,2026-08-31,credito_vista,725.25,0.025,1,30
bar,2026-08-31,credito_4x,288.33,0.035,4,30
bar,2026-09-01,pix,1325.23,0.0,1,0
bar,2026-09-01,debito,947.73,0.012,1,1
bar,2026-09-01,credito_vista,996.8,0.025,1,30
bar,2026-09-01,credito_4x,356.0,0.035,4,30
bar,2026-09-02,pix,1628.83,0.0,1,0
bar,2026-09-02,debito,955.78,0.012,1,1
bar,2026-09-02,credito_vista,937.77,0.025,1,30
bar,2026-09-02,credito_4x,410.26,0.035,4,30
bar,2026-09-03,pix,965.44,0.0,1,0
bar,2026-09-03,debito,894.14,0.012,1,1
bar,2026-09-03,credito_vista,793.4,0.025,1,30
bar,2026-09-03,credito_4x,422.31,0.035,4,30
bar,2026-09-04,pix,2558.68,0.0,1,0
bar,2026-09-04,debito,1453.28,0.012,1,1
bar,2026-09-04,credito_vista,2029.19,0.025,1,30
bar,2026-09-04,credito_4x,744.19,0.035,4,30
bar,2026-09-05,pix,2446.15,0.0,1,0
bar,2026-09-05,debito,1471.32,0.012,1,1
bar,2026-09-05,credito_vista,1145.26,0.025,1,30
bar,2026-09-05,credito_4x,787.23,0.035,4,30
bar,2026-09-06,pix,1176.58,0.0,1,0
bar,2026-09-06,debito,777.73,0.012,1,1
bar,2026-09-06,credito_vista,727.15,0.025,1,30
bar,2026-09-06,credito_4x,453.09,0.035,4,30
bar,2026-09-07,pix,824.42,0.0,1,0
bar,2026-09-07,debito,621.57,0.012,1,1
bar,2026-09-07,credito_vista,642.69,0.025,1,30
bar,2026-09-07,credito_4x,291.17,0.035,4,30
bar,2026-09-08,pix,1026.66,0.0,1,0
bar,2026-09-08,debito,1064.62,0.012,1,1
bar,2026-09-08,credito_vista,963.42,0.025,1,30
bar,2026-09-08,credito_4x,402.86,0.035,4,30
bar,2026-09-09,pix,1129.5,0.0,1,0
bar,2026-09-09,debito,1082.32,0.012,1,1
bar,2026-09-09,credito_vista,676.17,0.025,1,30
bar,2026-09-09,credito_4x,338.75,0.035,4,30
bar,2026-09-10,pix,1077.64,0.0,1,0
bar,2026-09-10,debito,1011.46,0.012,1,1
bar,2026-09-10,credito_vista,774.06,0.025,1,30
bar,2026-09-10,credito_4x,448.7,0.035,4,30
bar,2026-09-11,pix,2167.73,0.0,1,0
bar,2026-09-11,debito,1626.89,0.012,1,1
bar,2026-09-11,credito_vista,1779.85,0.025,1,30
bar,2026-09-11,credito_4x,722.15,0.035,4,30
bar,2026-09-12,pix,2356.1,0.0,1,0
bar,2026-09-12,debito,2004.32,0.012,1,1
bar,2026-09-12,credito_vista,1401.29,0.025,1,30
bar,2026-09-12,credito_4x,739.0,0.035,4,30
bar,2026-09-13,pix,821.46,0.0,1,0
bar,2026-09-13,debito,747.05,0.012,1,1
bar,2026-09-13,credito_vista,683.48,0.025,1,30
bar,2026-09-13,credito_4x,238.81,0.035,4,30
bar,2026-09-14,pix,1131.18,0.0,1,0
bar,2026-09-14,debito,1010.07,0.012,1,1
bar,2026-09-14,credito_vista,852.82,0.025,1,30
bar,2026-09-14,credito_4x,345.29,0.035,4,30
vestuario,2026-06-17,pix,352.49,0.0,1,0
vestuario,2026-06-17,debito,668.25,0.012,1,1
vestuario,2026-06-17,credito_vista,776.35,0.025,1,30
vestuario,2026-06-17,credito_4x,2109.99,0.035,4,30
vestuario,2026-06-18,pix,737.95,0.0,1,0
vestuario,2026-06-18,debito,779.57,0.012,1,1
vestuario,2026-06-18,credito_vista,680.92,0.025,1,30
vestuario,2026-06-18,credito_4x,2456.11,0.035,4,30
vestuario,2026-06-19,pix,847.29,0.0,1,0
vestuario,2026-06-19,debito,1320.5,0.012,1,1
vestuario,2026-06-19,credito_vista,1005.49,0.025,1,30
vestuario,2026-06-19,credito_4x,3672.83,0.035,4,30
vestuario,2026-06-20,pix,838.16,0.0,1,0
vestuario,2026-06-20,debito,917.89,0.012,1,1
vestuario,2026-06-20,credito_vista,1640.59,0.025,1,30
vestuario,2026-06-20,credito_4x,3823.82,0.035,4,30
vestuario,2026-06-21,pix,296.98,0.0,1,0
vestuario,2026-06-21,debito,403.97,0.012,1,1
vestuario,2026-06-21,credito_vista,483.35,0.025,1,30
vestuario,2026-06-21,credito_4x,964.9,0.035,4,30
vestuario,2026-06-22,pix,331.28,0.0,1,0
vestuario,2026-06-22,debito,649.07,0.012,1,1
vestuario,2026-06-22,credito_vista,779.51,0.025,1,30
vestuario,2026-06-22,credito_4x,2112.98,0.035,4,30
vestuario,2026-06-23,pix,415.58,0.0,1,0
vestuario,2026-06-23,debito,410.23,0.012,1,1
vestuario,2026-06-23,credito_vista,638.12,0.025,1,30
vestuario,2026-06-23,credito_4x,1185.27,0.035,4,30
vestuario,2026-06-24,pix,291.37,0.0,1,0
vestuario,2026-06-24,debito,376.94,0.012,1,1
vestuario,2026-06-24,credito_vista,855.1,0.025,1,30
vestuario,2026-06-24,credito_4x,1435.85,0.035,4,30
vestuario,2026-06-25,pix,246.66,0.0,1,0
vestuario,2026-06-25,debito,386.33,0.012,1,1
vestuario,2026-06-25,credito_vista,618.86,0.025,1,30
vestuario,2026-06-25,credito_4x,1351.3,0.035,4,30
vestuario,2026-06-26,pix,528.17,0.0,1,0
vestuario,2026-06-26,debito,394.83,0.012,1,1
vestuario,2026-06-26,credito_vista,614.72,0.025,1,30
vestuario,2026-06-26,credito_4x,1359.46,0.035,4,30
vestuario,2026-06-27,pix,1033.6,0.0,1,0
vestuario,2026-06-27,debito,863.12,0.012,1,1
vestuario,2026-06-27,credito_vista,1318.64,0.025,1,30
vestuario,2026-06-27,credito_4x,3199.52,0.035,4,30
vestuario,2026-06-28,pix,243.25,0.0,1,0
vestuario,2026-06-28,debito,286.0,0.012,1,1
vestuario,2026-06-28,credito_vista,369.23,0.025,1,30
vestuario,2026-06-28,credito_4x,733.5,0.035,4,30
vestuario,2026-06-29,pix,382.91,0.0,1,0
vestuario,2026-06-29,debito,527.42,0.012,1,1
vestuario,2026-06-29,credito_vista,573.82,0.025,1,30
vestuario,2026-06-29,credito_4x,1288.32,0.035,4,30
vestuario,2026-06-30,pix,246.68,0.0,1,0
vestuario,2026-06-30,debito,224.8,0.012,1,1
vestuario,2026-06-30,credito_vista,235.94,0.025,1,30
vestuario,2026-06-30,credito_4x,535.2,0.035,4,30
vestuario,2026-07-01,pix,1134.78,0.0,1,0
vestuario,2026-07-01,debito,1106.68,0.012,1,1
vestuario,2026-07-01,credito_vista,1160.63,0.025,1,30
vestuario,2026-07-01,credito_4x,2992.25,0.035,4,30
vestuario,2026-07-02,pix,503.86,0.0,1,0
vestuario,2026-07-02,debito,641.95,0.012,1,1
vestuario,2026-07-02,credito_vista,672.13,0.025,1,30
vestuario,2026-07-02,credito_4x,1755.0,0.035,4,30
vestuario,2026-07-03,pix,1290.22,0.0,1,0
vestuario,2026-07-03,debito,1430.75,0.012,1,1
vestuario,2026-07-03,credito_vista,1297.21,0.025,1,30
vestuario,2026-07-03,credito_4x,3721.81,0.035,4,30
vestuario,2026-07-04,pix,543.27,0.0,1,0
vestuario,2026-07-04,debito,1214.57,0.012,1,1
vestuario,2026-07-04,credito_vista,1095.19,0.025,1,30
vestuario,2026-07-04,credito_4x,1985.88,0.035,4,30
vestuario,2026-07-05,pix,234.29,0.0,1,0
vestuario,2026-07-05,debito,290.14,0.012,1,1
vestuario,2026-07-05,credito_vista,427.47,0.025,1,30
vestuario,2026-07-05,credito_4x,687.47,0.035,4,30
vestuario,2026-07-06,pix,292.98,0.0,1,0
vestuario,2026-07-06,debito,260.44,0.012,1,1
vestuario,2026-07-06,credito_vista,450.61,0.025,1,30
vestuario,2026-07-06,credito_4x,823.16,0.035,4,30
vestuario,2026-07-07,pix,539.46,0.0,1,0
vestuario,2026-07-07,debito,779.59,0.012,1,1
vestuario,2026-07-07,credito_vista,963.31,0.025,1,30
vestuario,2026-07-07,credito_4x,1780.99,0.035,4,30
vestuario,2026-07-08,pix,352.06,0.0,1,0
vestuario,2026-07-08,debito,594.38,0.012,1,1
vestuario,2026-07-08,credito_vista,789.25,0.025,1,30
vestuario,2026-07-08,credito_4x,1280.98,0.035,4,30
vestuario,2026-07-09,pix,560.76,0.0,1,0
vestuario,2026-07-09,debito,500.15,0.012,1,1
vestuario,2026-07-09,credito_vista,684.14,0.025,1,30
vestuario,2026-07-09,credito_4x,1631.19,0.035,4,30
vestuario,2026-07-10,pix,476.32,0.0,1,0
vestuario,2026-07-10,debito,651.71,0.012,1,1
vestuario,2026-07-10,credito_vista,999.47,0.025,1,30
vestuario,2026-07-10,credito_4x,1571.12,0.035,4,30
vestuario,2026-07-11,pix,774.63,0.0,1,0
vestuario,2026-07-11,debito,1031.34,0.012,1,1
vestuario,2026-07-11,credito_vista,1754.08,0.025,1,30
vestuario,2026-07-11,credito_4x,3444.42,0.035,4,30
vestuario,2026-07-12,pix,317.06,0.0,1,0
vestuario,2026-07-12,debito,371.29,0.012,1,1
vestuario,2026-07-12,credito_vista,394.6,0.025,1,30
vestuario,2026-07-12,credito_4x,860.89,0.035,4,30
vestuario,2026-07-13,pix,305.89,0.0,1,0
vestuario,2026-07-13,debito,756.46,0.012,1,1
vestuario,2026-07-13,credito_vista,770.21,0.025,1,30
vestuario,2026-07-13,credito_4x,2342.76,0.035,4,30
vestuario,2026-07-14,pix,321.3,0.0,1,0
vestuario,2026-07-14,debito,357.75,0.012,1,1
vestuario,2026-07-14,credito_vista,748.82,0.025,1,30
vestuario,2026-07-14,credito_4x,1263.01,0.035,4,30
vestuario,2026-07-15,pix,513.5,0.0,1,0
vestuario,2026-07-15,debito,557.67,0.012,1,1
vestuario,2026-07-15,credito_vista,963.0,0.025,1,30
vestuario,2026-07-15,credito_4x,1479.48,0.035,4,30
vestuario,2026-07-16,pix,334.01,0.0,1,0
vestuario,2026-07-16,debito,344.68,0.012,1,1
vestuario,2026-07-16,credito_vista,771.07,0.025,1,30
vestuario,2026-07-16,credito_4x,1216.0,0.035,4,30
vestuario,2026-07-17,pix,526.31,0.0,1,0
vestuario,2026-07-17,debito,745.4,0.012,1,1
vestuario,2026-07-17,credito_vista,1013.37,0.025,1,30
vestuario,2026-07-17,credito_4x,1847.61,0.035,4,30
vestuario,2026-07-18,pix,638.94,0.0,1,0
vestuario,2026-07-18,debito,1099.81,0.012,1,1
vestuario,2026-07-18,credito_vista,1203.6,0.025,1,30
vestuario,2026-07-18,credito_4x,2322.57,0.035,4,30
vestuario,2026-07-19,pix,287.67,0.0,1,0
vestuario,2026-07-19,debito,327.3,0.012,1,1
vestuario,2026-07-19,credito_vista,287.05,0.025,1,30
vestuario,2026-07-19,credito_4x,938.68,0.035,4,30
vestuario,2026-07-20,pix,394.39,0.0,1,0
vestuario,2026-07-20,debito,779.62,0.012,1,1
vestuario,2026-07-20,credito_vista,586.12,0.025,1,30
vestuario,2026-07-20,credito_4x,1869.88,0.035,4,30
vestuario,2026-07-21,pix,374.98,0.0,1,0
vestuario,2026-07-21,debito,729.42,0.012,1,1
vestuario,2026-07-21,credito_vista,936.11,0.025,1,30
vestuario,2026-07-21,credito_4x,1794.94,0.035,4,30
vestuario,2026-07-22,pix,345.2,0.0,1,0
vestuario,2026-07-22,debito,388.17,0.012,1,1
vestuario,2026-07-22,credito_vista,681.1,0.025,1,30
vestuario,2026-07-22,credito_4x,1299.0,0.035,4,30
vestuario,2026-07-23,pix,470.7,0.0,1,0
vestuario,2026-07-23,debito,853.68,0.012,1,1
vestuario,2026-07-23,credito_vista,1046.13,0.025,1,30
vestuario,2026-07-23,credito_4x,2139.78,0.035,4,30
vestuario,2026-07-24,pix,310.05,0.0,1,0
vestuario,2026-07-24,debito,733.4,0.012,1,1
vestuario,2026-07-24,credito_vista,1123.03,0.025,1,30
vestuario,2026-07-24,credito_4x,2224.19,0.035,4,30
vestuario,2026-07-25,pix,631.19,0.0,1,0
vestuario,2026-07-25,debito,820.07,0.012,1,1
vestuario,2026-07-25,credito_vista,1133.49,0.025,1,30
vestuario,2026-07-25,credito_4x,1912.63,0.035,4,30
vestuario,2026-07-26,pix,127.78,0.0,1,0
vestuario,2026-07-26,debito,305.43,0.012,1,1
vestuario,2026-07-26,credito_vista,232.77,0.025,1,30
vestuario,2026-07-26,credito_4x,482.86,0.035,4,30
vestuario,2026-07-27,pix,253.39,0.0,1,0
vestuario,2026-07-27,debito,381.97,0.012,1,1
vestuario,2026-07-27,credito_vista,543.43,0.025,1,30
vestuario,2026-07-27,credito_4x,940.85,0.035,4,30
vestuario,2026-07-28,pix,469.95,0.0,1,0
vestuario,2026-07-28,debito,717.65,0.012,1,1
vestuario,2026-07-28,credito_vista,795.04,0.025,1,30
vestuario,2026-07-28,credito_4x,1567.37,0.035,4,30
vestuario,2026-07-29,pix,265.0,0.0,1,0
vestuario,2026-07-29,debito,633.68,0.012,1,1
vestuario,2026-07-29,credito_vista,693.12,0.025,1,30
vestuario,2026-07-29,credito_4x,1306.78,0.035,4,30
vestuario,2026-07-30,pix,473.18,0.0,1,0
vestuario,2026-07-30,debito,674.38,0.012,1,1
vestuario,2026-07-30,credito_vista,634.19,0.025,1,30
vestuario,2026-07-30,credito_4x,1348.13,0.035,4,30
vestuario,2026-07-31,pix,564.3,0.0,1,0
vestuario,2026-07-31,debito,383.0,0.012,1,1
vestuario,2026-07-31,credito_vista,821.37,0.025,1,30
vestuario,2026-07-31,credito_4x,1636.71,0.035,4,30
vestuario,2026-08-01,pix,1687.63,0.0,1,0
vestuario,2026-08-01,debito,2092.74,0.012,1,1
vestuario,2026-08-01,credito_vista,2508.65,0.025,1,30
vestuario,2026-08-01,credito_4x,4367.42,0.035,4,30
vestuario,2026-08-02,pix,379.07,0.0,1,0
vestuario,2026-08-02,debito,477.69,0.012,1,1
vestuario,2026-08-02,credito_vista,463.61,0.025,1,30
vestuario,2026-08-02,credito_4x,1185.59,0.035,4,30
vestuario,2026-08-03,pix,307.65,0.0,1,0
vestuario,2026-08-03,debito,546.72,0.012,1,1
vestuario,2026-08-03,credito_vista,1027.03,0.025,1,30
vestuario,2026-08-03,credito_4x,1316.24,0.035,4,30
vestuario,2026-08-04,pix,354.7,0.0,1,0
vestuario,2026-08-04,debito,555.43,0.012,1,1
vestuario,2026-08-04,credito_vista,845.48,0.025,1,30
vestuario,2026-08-04,credito_4x,2036.36,0.035,4,30
vestuario,2026-08-05,pix,598.73,0.0,1,0
vestuario,2026-08-05,debito,622.87,0.012,1,1
vestuario,2026-08-05,credito_vista,1136.08,0.025,1,30
vestuario,2026-08-05,credito_4x,1709.94,0.035,4,30
vestuario,2026-08-06,pix,463.52,0.0,1,0
vestuario,2026-08-06,debito,782.19,0.012,1,1
vestuario,2026-08-06,credito_vista,1305.9,0.025,1,30
vestuario,2026-08-06,credito_4x,2339.92,0.035,4,30
vestuario,2026-08-07,pix,638.38,0.0,1,0
vestuario,2026-08-07,debito,653.98,0.012,1,1
vestuario,2026-08-07,credito_vista,968.77,0.025,1,30
vestuario,2026-08-07,credito_4x,2545.11,0.035,4,30
vestuario,2026-08-08,pix,1062.69,0.0,1,0
vestuario,2026-08-08,debito,1560.46,0.012,1,1
vestuario,2026-08-08,credito_vista,1660.2,0.025,1,30
vestuario,2026-08-08,credito_4x,4019.12,0.035,4,30
vestuario,2026-08-09,pix,291.83,0.0,1,0
vestuario,2026-08-09,debito,544.01,0.012,1,1
vestuario,2026-08-09,credito_vista,759.77,0.025,1,30
vestuario,2026-08-09,credito_4x,1212.06,0.035,4,30
vestuario,2026-08-10,pix,192.22,0.0,1,0
vestuario,2026-08-10,debito,740.3,0.012,1,1
vestuario,2026-08-10,credito_vista,650.88,0.025,1,30
vestuario,2026-08-10,credito_4x,1104.29,0.035,4,30
vestuario,2026-08-11,pix,336.16,0.0,1,0
vestuario,2026-08-11,debito,355.81,0.012,1,1
vestuario,2026-08-11,credito_vista,474.87,0.025,1,30
vestuario,2026-08-11,credito_4x,1390.26,0.035,4,30
vestuario,2026-08-12,pix,403.86,0.0,1,0
vestuario,2026-08-12,debito,573.03,0.012,1,1
vestuario,2026-08-12,credito_vista,620.71,0.025,1,30
vestuario,2026-08-12,credito_4x,1618.65,0.035,4,30
vestuario,2026-08-13,pix,471.23,0.0,1,0
vestuario,2026-08-13,debito,564.38,0.012,1,1
vestuario,2026-08-13,credito_vista,1119.0,0.025,1,30
vestuario,2026-08-13,credito_4x,1457.25,0.035,4,30
vestuario,2026-08-14,pix,628.67,0.0,1,0
vestuario,2026-08-14,debito,1048.3,0.012,1,1
vestuario,2026-08-14,credito_vista,1959.84,0.025,1,30
vestuario,2026-08-14,credito_4x,3261.63,0.035,4,30
vestuario,2026-08-15,pix,999.81,0.0,1,0
vestuario,2026-08-15,debito,1346.44,0.012,1,1
vestuario,2026-08-15,credito_vista,1764.09,0.025,1,30
vestuario,2026-08-15,credito_4x,3681.31,0.035,4,30
vestuario,2026-08-16,pix,244.31,0.0,1,0
vestuario,2026-08-16,debito,359.45,0.012,1,1
vestuario,2026-08-16,credito_vista,518.73,0.025,1,30
vestuario,2026-08-16,credito_4x,1044.81,0.035,4,30
vestuario,2026-08-17,pix,369.82,0.0,1,0
vestuario,2026-08-17,debito,763.72,0.012,1,1
vestuario,2026-08-17,credito_vista,616.4,0.025,1,30
vestuario,2026-08-17,credito_4x,1252.78,0.035,4,30
vestuario,2026-08-18,pix,441.17,0.0,1,0
vestuario,2026-08-18,debito,716.43,0.012,1,1
vestuario,2026-08-18,credito_vista,707.74,0.025,1,30
vestuario,2026-08-18,credito_4x,1306.68,0.035,4,30
vestuario,2026-08-19,pix,312.1,0.0,1,0
vestuario,2026-08-19,debito,443.48,0.012,1,1
vestuario,2026-08-19,credito_vista,551.22,0.025,1,30
vestuario,2026-08-19,credito_4x,1131.32,0.035,4,30
vestuario,2026-08-20,pix,975.22,0.0,1,0
vestuario,2026-08-20,debito,823.0,0.012,1,1
vestuario,2026-08-20,credito_vista,716.72,0.025,1,30
vestuario,2026-08-20,credito_4x,2146.94,0.035,4,30
vestuario,2026-08-21,pix,454.2,0.0,1,0
vestuario,2026-08-21,debito,1033.51,0.012,1,1
vestuario,2026-08-21,credito_vista,1006.58,0.025,1,30
vestuario,2026-08-21,credito_4x,2791.6,0.035,4,30
vestuario,2026-08-22,pix,799.53,0.0,1,0
vestuario,2026-08-22,debito,2005.76,0.012,1,1
vestuario,2026-08-22,credito_vista,1538.97,0.025,1,30
vestuario,2026-08-22,credito_4x,3811.29,0.035,4,30
vestuario,2026-08-23,pix,123.96,0.0,1,0
vestuario,2026-08-23,debito,347.78,0.012,1,1
vestuario,2026-08-23,credito_vista,320.39,0.025,1,30
vestuario,2026-08-23,credito_4x,911.9,0.035,4,30
vestuario,2026-08-24,pix,483.13,0.0,1,0
vestuario,2026-08-24,debito,497.78,0.012,1,1
vestuario,2026-08-24,credito_vista,556.75,0.025,1,30
vestuario,2026-08-24,credito_4x,1538.32,0.035,4,30
vestuario,2026-08-25,pix,426.2,0.0,1,0
vestuario,2026-08-25,debito,500.4,0.012,1,1
vestuario,2026-08-25,credito_vista,736.38,0.025,1,30
vestuario,2026-08-25,credito_4x,1205.22,0.035,4,30
vestuario,2026-08-26,pix,462.62,0.0,1,0
vestuario,2026-08-26,debito,660.25,0.012,1,1
vestuario,2026-08-26,credito_vista,576.22,0.025,1,30
vestuario,2026-08-26,credito_4x,1800.93,0.035,4,30
vestuario,2026-08-27,pix,338.55,0.0,1,0
vestuario,2026-08-27,debito,399.32,0.012,1,1
vestuario,2026-08-27,credito_vista,385.31,0.025,1,30
vestuario,2026-08-27,credito_4x,1075.22,0.035,4,30
vestuario,2026-08-28,pix,559.76,0.0,1,0
vestuario,2026-08-28,debito,889.14,0.012,1,1
vestuario,2026-08-28,credito_vista,1200.72,0.025,1,30
vestuario,2026-08-28,credito_4x,1878.91,0.035,4,30
vestuario,2026-08-29,pix,364.9,0.0,1,0
vestuario,2026-08-29,debito,714.13,0.012,1,1
vestuario,2026-08-29,credito_vista,1362.84,0.025,1,30
vestuario,2026-08-29,credito_4x,2728.87,0.035,4,30
vestuario,2026-08-30,pix,148.92,0.0,1,0
vestuario,2026-08-30,debito,231.92,0.012,1,1
vestuario,2026-08-30,credito_vista,231.55,0.025,1,30
vestuario,2026-08-30,credito_4x,507.74,0.035,4,30
vestuario,2026-08-31,pix,154.18,0.0,1,0
vestuario,2026-08-31,debito,282.63,0.012,1,1
vestuario,2026-08-31,credito_vista,366.56,0.025,1,30
vestuario,2026-08-31,credito_4x,601.43,0.035,4,30
vestuario,2026-09-01,pix,450.5,0.0,1,0
vestuario,2026-09-01,debito,594.17,0.012,1,1
vestuario,2026-09-01,credito_vista,1001.01,0.025,1,30
vestuario,2026-09-01,credito_4x,1801.02,0.035,4,30
vestuario,2026-09-02,pix,523.22,0.0,1,0
vestuario,2026-09-02,debito,1346.62,0.012,1,1
vestuario,2026-09-02,credito_vista,721.87,0.025,1,30
vestuario,2026-09-02,credito_4x,2942.58,0.035,4,30
vestuario,2026-09-03,pix,1011.1,0.0,1,0
vestuario,2026-09-03,debito,1123.13,0.012,1,1
vestuario,2026-09-03,credito_vista,1368.44,0.025,1,30
vestuario,2026-09-03,credito_4x,2877.06,0.035,4,30
vestuario,2026-09-04,pix,617.6,0.0,1,0
vestuario,2026-09-04,debito,1542.76,0.012,1,1
vestuario,2026-09-04,credito_vista,1334.46,0.025,1,30
vestuario,2026-09-04,credito_4x,2534.95,0.035,4,30
vestuario,2026-09-05,pix,1651.71,0.0,1,0
vestuario,2026-09-05,debito,1706.05,0.012,1,1
vestuario,2026-09-05,credito_vista,2095.45,0.025,1,30
vestuario,2026-09-05,credito_4x,5218.54,0.035,4,30
vestuario,2026-09-06,pix,319.39,0.0,1,0
vestuario,2026-09-06,debito,334.39,0.012,1,1
vestuario,2026-09-06,credito_vista,525.41,0.025,1,30
vestuario,2026-09-06,credito_4x,896.86,0.035,4,30
vestuario,2026-09-07,pix,516.8,0.0,1,0
vestuario,2026-09-07,debito,854.33,0.012,1,1
vestuario,2026-09-07,credito_vista,1168.66,0.025,1,30
vestuario,2026-09-07,credito_4x,1966.23,0.035,4,30
vestuario,2026-09-08,pix,424.39,0.0,1,0
vestuario,2026-09-08,debito,592.94,0.012,1,1
vestuario,2026-09-08,credito_vista,923.94,0.025,1,30
vestuario,2026-09-08,credito_4x,1622.49,0.035,4,30
vestuario,2026-09-09,pix,651.11,0.0,1,0
vestuario,2026-09-09,debito,540.36,0.012,1,1
vestuario,2026-09-09,credito_vista,658.33,0.025,1,30
vestuario,2026-09-09,credito_4x,1864.24,0.035,4,30
vestuario,2026-09-10,pix,519.52,0.0,1,0
vestuario,2026-09-10,debito,1024.76,0.012,1,1
vestuario,2026-09-10,credito_vista,993.23,0.025,1,30
vestuario,2026-09-10,credito_4x,1421.5,0.035,4,30
vestuario,2026-09-11,pix,329.26,0.0,1,0
vestuario,2026-09-11,debito,487.26,0.012,1,1
vestuario,2026-09-11,credito_vista,585.7,0.025,1,30
vestuario,2026-09-11,credito_4x,1183.76,0.035,4,30
vestuario,2026-09-12,pix,1031.33,0.0,1,0
vestuario,2026-09-12,debito,1439.81,0.012,1,1
vestuario,2026-09-12,credito_vista,1506.7,0.025,1,30
vestuario,2026-09-12,credito_4x,4113.56,0.035,4,30
vestuario,2026-09-13,pix,263.1,0.0,1,0
vestuario,2026-09-13,debito,286.99,0.012,1,1
vestuario,2026-09-13,credito_vista,327.06,0.025,1,30
vestuario,2026-09-13,credito_4x,645.76,0.035,4,30
vestuario,2026-09-14,pix,340.87,0.0,1,0
vestuario,2026-09-14,debito,479.05,0.012,1,1
vestuario,2026-09-14,credito_vista,452.56,0.025,1,30
vestuario,2026-09-14,credito_4x,1323.68,0.035,4,30
mercadinho,2026-06-17,pix,2117.29,0.0,1,0
mercadinho,2026-06-17,debito,1408.08,0.012,1,1
mercadinho,2026-06-17,credito_vista,776.67,0.025,1,30
mercadinho,2026-06-17,credito_4x,106.65,0.035,4,30
mercadinho,2026-06-18,pix,1882.44,0.0,1,0
mercadinho,2026-06-18,debito,1427.23,0.012,1,1
mercadinho,2026-06-18,credito_vista,697.05,0.025,1,30
mercadinho,2026-06-18,credito_4x,113.41,0.035,4,30
mercadinho,2026-06-19,pix,2219.95,0.0,1,0
mercadinho,2026-06-19,debito,1829.62,0.012,1,1
mercadinho,2026-06-19,credito_vista,1157.68,0.025,1,30
mercadinho,2026-06-19,credito_4x,200.94,0.035,4,30
mercadinho,2026-06-20,pix,2661.35,0.0,1,0
mercadinho,2026-06-20,debito,1920.3,0.012,1,1
mercadinho,2026-06-20,credito_vista,1168.31,0.025,1,30
mercadinho,2026-06-20,credito_4x,333.07,0.035,4,30
mercadinho,2026-06-21,pix,1099.91,0.0,1,0
mercadinho,2026-06-21,debito,827.66,0.012,1,1
mercadinho,2026-06-21,credito_vista,355.83,0.025,1,30
mercadinho,2026-06-21,credito_4x,102.79,0.035,4,30
mercadinho,2026-06-22,pix,2108.46,0.0,1,0
mercadinho,2026-06-22,debito,1483.89,0.012,1,1
mercadinho,2026-06-22,credito_vista,701.84,0.025,1,30
mercadinho,2026-06-22,credito_4x,314.21,0.035,4,30
mercadinho,2026-06-23,pix,1482.72,0.0,1,0
mercadinho,2026-06-23,debito,1251.09,0.012,1,1
mercadinho,2026-06-23,credito_vista,1073.67,0.025,1,30
mercadinho,2026-06-23,credito_4x,104.19,0.035,4,30
mercadinho,2026-06-24,pix,1737.3,0.0,1,0
mercadinho,2026-06-24,debito,1636.54,0.012,1,1
mercadinho,2026-06-24,credito_vista,1073.86,0.025,1,30
mercadinho,2026-06-24,credito_4x,186.29,0.035,4,30
mercadinho,2026-06-25,pix,1768.25,0.0,1,0
mercadinho,2026-06-25,debito,1241.63,0.012,1,1
mercadinho,2026-06-25,credito_vista,519.87,0.025,1,30
mercadinho,2026-06-25,credito_4x,202.36,0.035,4,30
mercadinho,2026-06-26,pix,1623.79,0.0,1,0
mercadinho,2026-06-26,debito,1271.04,0.012,1,1
mercadinho,2026-06-26,credito_vista,727.53,0.025,1,30
mercadinho,2026-06-26,credito_4x,183.08,0.035,4,30
mercadinho,2026-06-27,pix,2071.17,0.0,1,0
mercadinho,2026-06-27,debito,1571.43,0.012,1,1
mercadinho,2026-06-27,credito_vista,977.06,0.025,1,30
mercadinho,2026-06-27,credito_4x,125.02,0.035,4,30
mercadinho,2026-06-28,pix,1098.74,0.0,1,0
mercadinho,2026-06-28,debito,811.96,0.012,1,1
mercadinho,2026-06-28,credito_vista,457.47,0.025,1,30
mercadinho,2026-06-28,credito_4x,113.5,0.035,4,30
mercadinho,2026-06-29,pix,1418.73,0.0,1,0
mercadinho,2026-06-29,debito,1088.97,0.012,1,1
mercadinho,2026-06-29,credito_vista,645.47,0.025,1,30
mercadinho,2026-06-29,credito_4x,146.78,0.035,4,30
mercadinho,2026-06-30,pix,1544.8,0.0,1,0
mercadinho,2026-06-30,debito,1235.3,0.012,1,1
mercadinho,2026-06-30,credito_vista,592.13,0.025,1,30
mercadinho,2026-06-30,credito_4x,75.31,0.035,4,30
mercadinho,2026-07-01,pix,2224.52,0.0,1,0
mercadinho,2026-07-01,debito,2051.73,0.012,1,1
mercadinho,2026-07-01,credito_vista,952.13,0.025,1,30
mercadinho,2026-07-01,credito_4x,392.61,0.035,4,30
mercadinho,2026-07-02,pix,2635.67,0.0,1,0
mercadinho,2026-07-02,debito,1906.49,0.012,1,1
mercadinho,2026-07-02,credito_vista,1230.57,0.025,1,30
mercadinho,2026-07-02,credito_4x,130.74,0.035,4,30
mercadinho,2026-07-03,pix,2772.98,0.0,1,0
mercadinho,2026-07-03,debito,2436.06,0.012,1,1
mercadinho,2026-07-03,credito_vista,1378.0,0.025,1,30
mercadinho,2026-07-03,credito_4x,253.79,0.035,4,30
mercadinho,2026-07-04,pix,2920.34,0.0,1,0
mercadinho,2026-07-04,debito,2500.14,0.012,1,1
mercadinho,2026-07-04,credito_vista,1345.38,0.025,1,30
mercadinho,2026-07-04,credito_4x,346.65,0.035,4,30
mercadinho,2026-07-05,pix,1237.45,0.0,1,0
mercadinho,2026-07-05,debito,1185.75,0.012,1,1
mercadinho,2026-07-05,credito_vista,626.01,0.025,1,30
mercadinho,2026-07-05,credito_4x,153.9,0.035,4,30
mercadinho,2026-07-06,pix,2151.04,0.0,1,0
mercadinho,2026-07-06,debito,1838.2,0.012,1,1
mercadinho,2026-07-06,credito_vista,1406.92,0.025,1,30
mercadinho,2026-07-06,credito_4x,210.8,0.035,4,30
mercadinho,2026-07-07,pix,2071.12,0.0,1,0
mercadinho,2026-07-07,debito,1714.54,0.012,1,1
mercadinho,2026-07-07,credito_vista,974.52,0.025,1,30
mercadinho,2026-07-07,credito_4x,219.82,0.035,4,30
mercadinho,2026-07-08,pix,1881.87,0.0,1,0
mercadinho,2026-07-08,debito,1462.25,0.012,1,1
mercadinho,2026-07-08,credito_vista,809.9,0.025,1,30
mercadinho,2026-07-08,credito_4x,203.93,0.035,4,30
mercadinho,2026-07-09,pix,2572.4,0.0,1,0
mercadinho,2026-07-09,debito,2144.1,0.012,1,1
mercadinho,2026-07-09,credito_vista,1029.27,0.025,1,30
mercadinho,2026-07-09,credito_4x,188.48,0.035,4,30
mercadinho,2026-07-10,pix,3201.43,0.0,1,0
mercadinho,2026-07-10,debito,2423.89,0.012,1,1
mercadinho,2026-07-10,credito_vista,1416.53,0.025,1,30
mercadinho,2026-07-10,credito_4x,250.81,0.035,4,30
mercadinho,2026-07-11,pix,1911.08,0.0,1,0
mercadinho,2026-07-11,debito,1881.86,0.012,1,1
mercadinho,2026-07-11,credito_vista,1172.19,0.025,1,30
mercadinho,2026-07-11,credito_4x,192.82,0.035,4,30
mercadinho,2026-07-12,pix,877.76,0.0,1,0
mercadinho,2026-07-12,debito,833.65,0.012,1,1
mercadinho,2026-07-12,credito_vista,602.33,0.025,1,30
mercadinho,2026-07-12,credito_4x,77.51,0.035,4,30
mercadinho,2026-07-13,pix,1729.35,0.0,1,0
mercadinho,2026-07-13,debito,1594.36,0.012,1,1
mercadinho,2026-07-13,credito_vista,801.86,0.025,1,30
mercadinho,2026-07-13,credito_4x,86.78,0.035,4,30
mercadinho,2026-07-14,pix,1475.82,0.0,1,0
mercadinho,2026-07-14,debito,955.25,0.012,1,1
mercadinho,2026-07-14,credito_vista,842.98,0.025,1,30
mercadinho,2026-07-14,credito_4x,169.92,0.035,4,30
mercadinho,2026-07-15,pix,1390.94,0.0,1,0
mercadinho,2026-07-15,debito,920.18,0.012,1,1
mercadinho,2026-07-15,credito_vista,740.37,0.025,1,30
mercadinho,2026-07-15,credito_4x,112.14,0.035,4,30
mercadinho,2026-07-16,pix,1647.35,0.0,1,0
mercadinho,2026-07-16,debito,1235.74,0.012,1,1
mercadinho,2026-07-16,credito_vista,778.06,0.025,1,30
mercadinho,2026-07-16,credito_4x,154.3,0.035,4,30
mercadinho,2026-07-17,pix,2099.2,0.0,1,0
mercadinho,2026-07-17,debito,1502.7,0.012,1,1
mercadinho,2026-07-17,credito_vista,1237.53,0.025,1,30
mercadinho,2026-07-17,credito_4x,84.74,0.035,4,30
mercadinho,2026-07-18,pix,2143.82,0.0,1,0
mercadinho,2026-07-18,debito,1816.94,0.012,1,1
mercadinho,2026-07-18,credito_vista,770.36,0.025,1,30
mercadinho,2026-07-18,credito_4x,157.84,0.035,4,30
mercadinho,2026-07-19,pix,944.24,0.0,1,0
mercadinho,2026-07-19,debito,822.2,0.012,1,1
mercadinho,2026-07-19,credito_vista,595.65,0.025,1,30
mercadinho,2026-07-19,credito_4x,126.45,0.035,4,30
mercadinho,2026-07-20,pix,2267.63,0.0,1,0
mercadinho,2026-07-20,debito,1652.1,0.012,1,1
mercadinho,2026-07-20,credito_vista,721.13,0.025,1,30
mercadinho,2026-07-20,credito_4x,130.41,0.035,4,30
mercadinho,2026-07-21,pix,1714.52,0.0,1,0
mercadinho,2026-07-21,debito,1268.8,0.012,1,1
mercadinho,2026-07-21,credito_vista,942.68,0.025,1,30
mercadinho,2026-07-21,credito_4x,261.98,0.035,4,30
mercadinho,2026-07-22,pix,1644.11,0.0,1,0
mercadinho,2026-07-22,debito,1112.19,0.012,1,1
mercadinho,2026-07-22,credito_vista,901.71,0.025,1,30
mercadinho,2026-07-22,credito_4x,151.37,0.035,4,30
mercadinho,2026-07-23,pix,1413.63,0.0,1,0
mercadinho,2026-07-23,debito,1213.82,0.012,1,1
mercadinho,2026-07-23,credito_vista,568.06,0.025,1,30
mercadinho,2026-07-23,credito_4x,114.57,0.035,4,30
mercadinho,2026-07-24,pix,2215.6,0.0,1,0
mercadinho,2026-07-24,debito,1856.82,0.012,1,1
mercadinho,2026-07-24,credito_vista,1112.58,0.025,1,30
mercadinho,2026-07-24,credito_4x,242.59,0.035,4,30
mercadinho,2026-07-25,pix,1909.41,0.0,1,0
mercadinho,2026-07-25,debito,1356.25,0.012,1,1
mercadinho,2026-07-25,credito_vista,925.57,0.025,1,30
mercadinho,2026-07-25,credito_4x,178.32,0.035,4,30
mercadinho,2026-07-26,pix,766.69,0.0,1,0
mercadinho,2026-07-26,debito,673.35,0.012,1,1
mercadinho,2026-07-26,credito_vista,393.99,0.025,1,30
mercadinho,2026-07-26,credito_4x,87.76,0.035,4,30
mercadinho,2026-07-27,pix,1578.8,0.0,1,0
mercadinho,2026-07-27,debito,1356.08,0.012,1,1
mercadinho,2026-07-27,credito_vista,727.79,0.025,1,30
mercadinho,2026-07-27,credito_4x,183.88,0.035,4,30
mercadinho,2026-07-28,pix,1051.89,0.0,1,0
mercadinho,2026-07-28,debito,932.22,0.012,1,1
mercadinho,2026-07-28,credito_vista,549.76,0.025,1,30
mercadinho,2026-07-28,credito_4x,138.36,0.035,4,30
mercadinho,2026-07-29,pix,776.11,0.0,1,0
mercadinho,2026-07-29,debito,770.17,0.012,1,1
mercadinho,2026-07-29,credito_vista,471.89,0.025,1,30
mercadinho,2026-07-29,credito_4x,54.71,0.035,4,30
mercadinho,2026-07-30,pix,1193.21,0.0,1,0
mercadinho,2026-07-30,debito,845.25,0.012,1,1
mercadinho,2026-07-30,credito_vista,604.97,0.025,1,30
mercadinho,2026-07-30,credito_4x,93.28,0.035,4,30
mercadinho,2026-07-31,pix,1576.51,0.0,1,0
mercadinho,2026-07-31,debito,1227.14,0.012,1,1
mercadinho,2026-07-31,credito_vista,1065.21,0.025,1,30
mercadinho,2026-07-31,credito_4x,136.32,0.035,4,30
mercadinho,2026-08-01,pix,2796.54,0.0,1,0
mercadinho,2026-08-01,debito,2558.82,0.012,1,1
mercadinho,2026-08-01,credito_vista,1577.65,0.025,1,30
mercadinho,2026-08-01,credito_4x,283.41,0.035,4,30
mercadinho,2026-08-02,pix,1126.15,0.0,1,0
mercadinho,2026-08-02,debito,1059.08,0.012,1,1
mercadinho,2026-08-02,credito_vista,458.33,0.025,1,30
mercadinho,2026-08-02,credito_4x,63.02,0.035,4,30
mercadinho,2026-08-03,pix,2269.37,0.0,1,0
mercadinho,2026-08-03,debito,1543.73,0.012,1,1
mercadinho,2026-08-03,credito_vista,1000.16,0.025,1,30
mercadinho,2026-08-03,credito_4x,265.35,0.035,4,30
mercadinho,2026-08-04,pix,2245.34,0.0,1,0
mercadinho,2026-08-04,debito,1723.63,0.012,1,1
mercadinho,2026-08-04,credito_vista,904.89,0.025,1,30
mercadinho,2026-08-04,credito_4x,286.0,0.035,4,30
mercadinho,2026-08-05,pix,2015.19,0.0,1,0
mercadinho,2026-08-05,debito,1318.42,0.012,1,1
mercadinho,2026-08-05,credito_vista,1220.0,0.025,1,30
mercadinho,2026-08-05,credito_4x,124.44,0.035,4,30
mercadinho,2026-08-06,pix,2725.9,0.0,1,0
mercadinho,2026-08-06,debito,2040.44,0.012,1,1
mercadinho,2026-08-06,credito_vista,926.4,0.025,1,30
mercadinho,2026-08-06,credito_4x,219.2,0.035,4,30
mercadinho,2026-08-07,pix,2853.59,0.0,1,0
mercadinho,2026-08-07,debito,2035.91,0.012,1,1
mercadinho,2026-08-07,credito_vista,1485.16,0.025,1,30
mercadinho,2026-08-07,credito_4x,353.64,0.035,4,30
mercadinho,2026-08-08,pix,3158.28,0.0,1,0
mercadinho,2026-08-08,debito,2470.76,0.012,1,1
mercadinho,2026-08-08,credito_vista,1617.32,0.025,1,30
mercadinho,2026-08-08,credito_4x,112.33,0.035,4,30
mercadinho,2026-08-09,pix,1314.53,0.0,1,0
mercadinho,2026-08-09,debito,1065.79,0.012,1,1
mercadinho,2026-08-09,credito_vista,650.25,0.025,1,30
mercadinho,2026-08-09,credito_4x,75.9,0.035,4,30
mercadinho,2026-08-10,pix,2337.0,0.0,1,0
mercadinho,2026-08-10,debito,2044.46,0.012,1,1
mercadinho,2026-08-10,credito_vista,1421.72,0.025,1,30
mercadinho,2026-08-10,credito_4x,227.95,0.035,4,30
mercadinho,2026-08-11,pix,1554.51,0.0,1,0
mercadinho,2026-08-11,debito,1679.66,0.012,1,1
mercadinho,2026-08-11,credito_vista,775.51,0.025,1,30
mercadinho,2026-08-11,credito_4x,157.69,0.035,4,30
mercadinho,2026-08-12,pix,1885.17,0.0,1,0
mercadinho,2026-08-12,debito,1373.96,0.012,1,1
mercadinho,2026-08-12,credito_vista,852.77,0.025,1,30
mercadinho,2026-08-12,credito_4x,117.49,0.035,4,30
mercadinho,2026-08-13,pix,1738.22,0.0,1,0
mercadinho,2026-08-13,debito,1663.96,0.012,1,1
mercadinho,2026-08-13,credito_vista,864.95,0.025,1,30
mercadinho,2026-08-13,credito_4x,171.09,0.035,4,30
mercadinho,2026-08-14,pix,2271.03,0.0,1,0
mercadinho,2026-08-14,debito,1639.03,0.012,1,1
mercadinho,2026-08-14,credito_vista,1286.73,0.025,1,30
mercadinho,2026-08-14,credito_4x,208.35,0.035,4,30
mercadinho,2026-08-15,pix,2334.98,0.0,1,0
mercadinho,2026-08-15,debito,1739.67,0.012,1,1
mercadinho,2026-08-15,credito_vista,1231.25,0.025,1,30
mercadinho,2026-08-15,credito_4x,156.79,0.035,4,30
mercadinho,2026-08-16,pix,1098.96,0.0,1,0
mercadinho,2026-08-16,debito,745.07,0.012,1,1
mercadinho,2026-08-16,credito_vista,472.36,0.025,1,30
mercadinho,2026-08-16,credito_4x,101.57,0.035,4,30
mercadinho,2026-08-17,pix,1836.22,0.0,1,0
mercadinho,2026-08-17,debito,1592.74,0.012,1,1
mercadinho,2026-08-17,credito_vista,786.74,0.025,1,30
mercadinho,2026-08-17,credito_4x,165.02,0.035,4,30
mercadinho,2026-08-18,pix,1975.1,0.0,1,0
mercadinho,2026-08-18,debito,1776.25,0.012,1,1
mercadinho,2026-08-18,credito_vista,990.03,0.025,1,30
mercadinho,2026-08-18,credito_4x,232.73,0.035,4,30
mercadinho,2026-08-19,pix,1396.83,0.0,1,0
mercadinho,2026-08-19,debito,1213.92,0.012,1,1
mercadinho,2026-08-19,credito_vista,822.23,0.025,1,30
mercadinho,2026-08-19,credito_4x,130.5,0.035,4,30
mercadinho,2026-08-20,pix,1842.88,0.0,1,0
mercadinho,2026-08-20,debito,1208.93,0.012,1,1
mercadinho,2026-08-20,credito_vista,923.82,0.025,1,30
mercadinho,2026-08-20,credito_4x,174.98,0.035,4,30
mercadinho,2026-08-21,pix,2491.13,0.0,1,0
mercadinho,2026-08-21,debito,1841.23,0.012,1,1
mercadinho,2026-08-21,credito_vista,861.41,0.025,1,30
mercadinho,2026-08-21,credito_4x,269.95,0.035,4,30
mercadinho,2026-08-22,pix,2430.27,0.0,1,0
mercadinho,2026-08-22,debito,1789.13,0.012,1,1
mercadinho,2026-08-22,credito_vista,1259.21,0.025,1,30
mercadinho,2026-08-22,credito_4x,392.5,0.035,4,30
mercadinho,2026-08-23,pix,1156.47,0.0,1,0
mercadinho,2026-08-23,debito,944.86,0.012,1,1
mercadinho,2026-08-23,credito_vista,662.13,0.025,1,30
mercadinho,2026-08-23,credito_4x,107.78,0.035,4,30
mercadinho,2026-08-24,pix,1982.0,0.0,1,0
mercadinho,2026-08-24,debito,1454.4,0.012,1,1
mercadinho,2026-08-24,credito_vista,826.63,0.025,1,30
mercadinho,2026-08-24,credito_4x,130.82,0.035,4,30
mercadinho,2026-08-25,pix,1337.17,0.0,1,0
mercadinho,2026-08-25,debito,962.6,0.012,1,1
mercadinho,2026-08-25,credito_vista,575.23,0.025,1,30
mercadinho,2026-08-25,credito_4x,166.97,0.035,4,30
mercadinho,2026-08-26,pix,1522.87,0.0,1,0
mercadinho,2026-08-26,debito,1052.05,0.012,1,1
mercadinho,2026-08-26,credito_vista,689.86,0.025,1,30
mercadinho,2026-08-26,credito_4x,101.41,0.035,4,30
mercadinho,2026-08-27,pix,1633.19,0.0,1,0
mercadinho,2026-08-27,debito,1380.86,0.012,1,1
mercadinho,2026-08-27,credito_vista,719.23,0.025,1,30
mercadinho,2026-08-27,credito_4x,133.53,0.035,4,30
mercadinho,2026-08-28,pix,2049.7,0.0,1,0
mercadinho,2026-08-28,debito,1556.9,0.012,1,1
mercadinho,2026-08-28,credito_vista,892.3,0.025,1,30
mercadinho,2026-08-28,credito_4x,166.15,0.035,4,30
mercadinho,2026-08-29,pix,1848.72,0.0,1,0
mercadinho,2026-08-29,debito,1678.84,0.012,1,1
mercadinho,2026-08-29,credito_vista,878.01,0.025,1,30
mercadinho,2026-08-29,credito_4x,108.8,0.035,4,30
mercadinho,2026-08-30,pix,751.14,0.0,1,0
mercadinho,2026-08-30,debito,666.7,0.012,1,1
mercadinho,2026-08-30,credito_vista,432.25,0.025,1,30
mercadinho,2026-08-30,credito_4x,100.37,0.035,4,30
mercadinho,2026-08-31,pix,1230.61,0.0,1,0
mercadinho,2026-08-31,debito,1197.36,0.012,1,1
mercadinho,2026-08-31,credito_vista,845.32,0.025,1,30
mercadinho,2026-08-31,credito_4x,170.65,0.035,4,30
mercadinho,2026-09-01,pix,2236.25,0.0,1,0
mercadinho,2026-09-01,debito,1826.48,0.012,1,1
mercadinho,2026-09-01,credito_vista,1061.48,0.025,1,30
mercadinho,2026-09-01,credito_4x,172.56,0.035,4,30
mercadinho,2026-09-02,pix,2213.09,0.0,1,0
mercadinho,2026-09-02,debito,1474.35,0.012,1,1
mercadinho,2026-09-02,credito_vista,980.19,0.025,1,30
mercadinho,2026-09-02,credito_4x,106.99,0.035,4,30
mercadinho,2026-09-03,pix,2707.05,0.0,1,0
mercadinho,2026-09-03,debito,2006.38,0.012,1,1
mercadinho,2026-09-03,credito_vista,945.32,0.025,1,30
mercadinho,2026-09-03,credito_4x,342.99,0.035,4,30
mercadinho,2026-09-04,pix,2897.4,0.0,1,0
mercadinho,2026-09-04,debito,2067.93,0.012,1,1
mercadinho,2026-09-04,credito_vista,1784.61,0.025,1,30
mercadinho,2026-09-04,credito_4x,247.21,0.035,4,30
mercadinho,2026-09-05,pix,3166.62,0.0,1,0
mercadinho,2026-09-05,debito,2828.98,0.012,1,1
mercadinho,2026-09-05,credito_vista,1376.89,0.025,1,30
mercadinho,2026-09-05,credito_4x,266.7,0.035,4,30
mercadinho,2026-09-06,pix,1207.33,0.0,1,0
mercadinho,2026-09-06,debito,1059.23,0.012,1,1
mercadinho,2026-09-06,credito_vista,490.13,0.025,1,30
mercadinho,2026-09-06,credito_4x,112.33,0.035,4,30
mercadinho,2026-09-07,pix,2675.13,0.0,1,0
mercadinho,2026-09-07,debito,1852.4,0.012,1,1
mercadinho,2026-09-07,credito_vista,994.95,0.025,1,30
mercadinho,2026-09-07,credito_4x,262.06,0.035,4,30
mercadinho,2026-09-08,pix,1744.3,0.0,1,0
mercadinho,2026-09-08,debito,1445.47,0.012,1,1
mercadinho,2026-09-08,credito_vista,760.65,0.025,1,30
mercadinho,2026-09-08,credito_4x,263.86,0.035,4,30
mercadinho,2026-09-09,pix,2053.97,0.0,1,0
mercadinho,2026-09-09,debito,1770.93,0.012,1,1
mercadinho,2026-09-09,credito_vista,856.72,0.025,1,30
mercadinho,2026-09-09,credito_4x,211.95,0.035,4,30
mercadinho,2026-09-10,pix,2023.05,0.0,1,0
mercadinho,2026-09-10,debito,1908.1,0.012,1,1
mercadinho,2026-09-10,credito_vista,995.55,0.025,1,30
mercadinho,2026-09-10,credito_4x,232.02,0.035,4,30
mercadinho,2026-09-11,pix,2519.37,0.0,1,0
mercadinho,2026-09-11,debito,1525.13,0.012,1,1
mercadinho,2026-09-11,credito_vista,1228.53,0.025,1,30
mercadinho,2026-09-11,credito_4x,216.0,0.035,4,30
mercadinho,2026-09-12,pix,3043.06,0.0,1,0
mercadinho,2026-09-12,debito,2393.29,0.012,1,1
mercadinho,2026-09-12,credito_vista,1428.37,0.025,1,30
mercadinho,2026-09-12,credito_4x,231.67,0.035,4,30
mercadinho,2026-09-13,pix,1158.68,0.0,1,0
mercadinho,2026-09-13,debito,782.12,0.012,1,1
mercadinho,2026-09-13,credito_vista,642.97,0.025,1,30
mercadinho,2026-09-13,credito_4x,121.53,0.035,4,30
mercadinho,2026-09-14,pix,2386.17,0.0,1,0
mercadinho,2026-09-14,debito,1581.08,0.012,1,1
mercadinho,2026-09-14,credito_vista,952.38,0.025,1,30
mercadinho,2026-09-14,credito_4x,205.04,0.035,4,30
novo,2026-09-01,pix,199.27,0,1,0
novo,2026-09-01,debito,265.69,0.012,1,1
novo,2026-09-01,credito_vista,166.06,0.025,1,30
novo,2026-09-01,credito_3x,33.21,0.032,3,30
novo,2026-09-02,pix,249.27,0,1,0
novo,2026-09-02,debito,332.35,0.012,1,1
novo,2026-09-02,credito_vista,207.72,0.025,1,30
novo,2026-09-02,credito_3x,41.54,0.032,3,30
novo,2026-09-03,pix,210.38,0,1,0
novo,2026-09-03,debito,280.51,0.012,1,1
novo,2026-09-03,credito_vista,175.32,0.025,1,30
novo,2026-09-03,credito_3x,35.06,0.032,3,30
novo,2026-09-04,pix,357.76,0,1,0
novo,2026-09-04,debito,477.02,0.012,1,1
novo,2026-09-04,credito_vista,298.14,0.025,1,30
novo,2026-09-04,credito_3x,59.63,0.032,3,30
novo,2026-09-05,pix,406.45,0,1,0
novo,2026-09-05,debito,541.93,0.012,1,1
novo,2026-09-05,credito_vista,338.71,0.025,1,30
novo,2026-09-05,credito_3x,67.74,0.032,3,30
novo,2026-09-06,pix,263.83,0,1,0
novo,2026-09-06,debito,351.77,0.012,1,1
novo,2026-09-06,credito_vista,219.86,0.025,1,30
novo,2026-09-06,credito_3x,43.97,0.032,3,30
novo,2026-09-07,pix,190.0,0,1,0
novo,2026-09-07,debito,253.34,0.012,1,1
novo,2026-09-07,credito_vista,158.34,0.025,1,30
novo,2026-09-07,credito_3x,31.67,0.032,3,30
novo,2026-09-08,pix,219.5,0,1,0
novo,2026-09-08,debito,292.67,0.012,1,1
novo,2026-09-08,credito_vista,182.92,0.025,1,30
novo,2026-09-08,credito_3x,36.58,0.032,3,30
novo,2026-09-09,pix,270.96,0,1,0
novo,2026-09-09,debito,361.27,0.012,1,1
novo,2026-09-09,credito_vista,225.8,0.025,1,30
novo,2026-09-09,credito_3x,45.16,0.032,3,30
novo,2026-09-10,pix,320.0,0,1,0
novo,2026-09-10,debito,426.67,0.012,1,1
novo,2026-09-10,credito_vista,266.67,0.025,1,30
novo,2026-09-10,credito_3x,53.33,0.032,3,30
novo,2026-09-11,pix,348.57,0,1,0
novo,2026-09-11,debito,464.76,0.012,1,1
novo,2026-09-11,credito_vista,290.47,0.025,1,30
novo,2026-09-11,credito_3x,58.09,0.032,3,30
novo,2026-09-12,pix,405.5,0,1,0
novo,2026-09-12,debito,540.67,0.012,1,1
novo,2026-09-12,credito_vista,337.92,0.025,1,30
novo,2026-09-12,credito_3x,67.58,0.032,3,30
novo,2026-09-13,pix,276.14,0,1,0
novo,2026-09-13,debito,368.18,0.012,1,1
novo,2026-09-13,credito_vista,230.11,0.025,1,30
novo,2026-09-13,credito_3x,46.02,0.032,3,30
novo,2026-09-14,pix,226.75,0,1,0
novo,2026-09-14,debito,302.33,0.012,1,1
novo,2026-09-14,credito_vista,188.96,0.025,1,30
novo,2026-09-14,credito_3x,37.79,0.032,3,30
